holdout,if_rate,model,precision,recall,f1,alerts,recall_heldout,recall_other
grocery_pos,0.001,OR-fusion (IF top 0.10%),0.8383,0.7067,0.7669,779,0.1535,0.8745
grocery_pos,0.001,XGBoost @ same alerts,0.9899,0.6353,0.7739,593,0.0884,0.8011
grocery_pos,0.001,IF @ same alerts,0.232,0.4361,0.3029,1737,0.2744,0.4852
grocery_pos,0.0025,OR-fusion (IF top 0.25%),0.3743,0.7446,0.4982,1838,0.307,0.8773
grocery_pos,0.0025,XGBoost @ same alerts,0.5129,0.8593,0.6424,1548,0.4698,0.9774
grocery_pos,0.0025,IF @ same alerts,0.123,0.5584,0.2016,4196,0.3488,0.622
grocery_pos,0.005,OR-fusion (IF top 0.50%),0.2054,0.7608,0.3235,3422,0.3395,0.8886
grocery_pos,0.005,XGBoost @ same alerts,0.2807,0.9015,0.4281,2968,0.614,0.9887
grocery_pos,0.005,IF @ same alerts,0.0791,0.6558,0.1412,7657,0.507,0.701
grocery_pos,0.01,OR-fusion (IF top 1.00%),0.1156,0.8128,0.2024,6496,0.5023,0.9069
grocery_pos,0.01,XGBoost @ same alerts,0.1513,0.9297,0.2603,5677,0.7209,0.9929
grocery_pos,0.01,IF @ same alerts,0.0473,0.7154,0.0887,13987,0.614,0.7461
shopping_net,0.001,OR-fusion (IF top 0.10%),0.6913,0.8723,0.7713,1166,0.8259,0.8871
shopping_net,0.001,XGBoost @ same alerts,0.783,0.9491,0.8581,1120,0.9241,0.9571
shopping_net,0.001,IF @ same alerts,0.1556,0.513,0.2388,3046,0.8036,0.42
shopping_net,0.0025,OR-fusion (IF top 0.25%),0.3595,0.8864,0.5116,2278,0.8616,0.8943
shopping_net,0.0025,XGBoost @ same alerts,0.4375,0.974,0.6038,2057,0.9554,0.98
shopping_net,0.0025,IF @ same alerts,0.1013,0.6169,0.1741,5625,0.942,0.5129
shopping_net,0.005,OR-fusion (IF top 0.50%),0.2146,0.9026,0.3467,3887,0.9107,0.9
shopping_net,0.005,XGBoost @ same alerts,0.2635,0.9848,0.4157,3454,0.9777,0.9871
shopping_net,0.005,IF @ same alerts,0.0694,0.6667,0.1257,8876,0.9732,0.5686
shopping_net,0.01,OR-fusion (IF top 1.00%),0.1228,0.9275,0.2169,6978,0.9732,0.9129
shopping_net,0.01,XGBoost @ same alerts,0.1444,0.9892,0.252,6331,0.9821,0.9914
shopping_net,0.01,IF @ same alerts,0.0442,0.7197,0.0832,15058,0.9955,0.6314
misc_net,0.001,OR-fusion (IF top 0.10%),0.8127,0.8972,0.8529,1020,0.7565,0.9172
misc_net,0.001,XGBoost @ same alerts,0.9645,0.882,0.9214,845,0.713,0.9061
misc_net,0.001,IF @ same alerts,0.1831,0.4784,0.2648,2414,0.7565,0.4388
misc_net,0.0025,OR-fusion (IF top 0.25%),0.403,0.9037,0.5574,2072,0.7913,0.9197
misc_net,0.0025,XGBoost @ same alerts,0.5054,0.9621,0.6627,1759,0.8348,0.9802
misc_net,0.0025,IF @ same alerts,0.1125,0.5823,0.1885,4783,0.8522,0.5439
misc_net,0.005,OR-fusion (IF top 0.50%),0.2331,0.9167,0.3717,3634,0.8435,0.9271
misc_net,0.005,XGBoost @ same alerts,0.2873,0.9827,0.4447,3160,0.9304,0.9901
misc_net,0.005,IF @ same alerts,0.0748,0.6613,0.1344,8168,0.9478,0.6205
misc_net,0.01,OR-fusion (IF top 1.00%),0.1296,0.9351,0.2276,6668,0.8957,0.9407
misc_net,0.01,XGBoost @ same alerts,0.1561,0.9913,0.2698,5867,0.9913,0.9913
misc_net,0.01,IF @ same alerts,0.0464,0.7165,0.0872,14267,0.9913,0.6774
