,importance
log_amt,0.46003774
amt,0.1462809
is_night,0.11359618
amt_sum_24h,0.11061014
category,0.03280734
amt_sum_1h,0.019698408
txn_count_24h,0.0179432
txn_count_7d,0.01587188
hour,0.011904679
secs_since_last,0.010543889
is_new_category,0.009082136
amt_over_card_mean,0.0055272575
speed_kmh,0.0051360987
amt_z,0.005094485
amt_sum_7d,0.0046989727
age,0.004235583
gender,0.0035141779
n_prev_txn,0.003450636
city_pop,0.0027920592
long,0.002618277
merch_long,0.0022348324
txn_count_1h,0.002213262
merch_lat,0.0021263012
lat,0.0020553449
dow,0.0020422076
dist_prev_km,0.0019220945
dist_home_km,0.0010607827
is_new_merchant,0.0009010461
